"pt","hb","ivb"
"CU",6.1,-5.6
"FF",-5.2,18
"CU",5.8,-6.1
"FF",-9.5,16.4
"FF",-6.5,17.9
"FF",-7.8,14.5
"SI",-16.8,11.2
"SI",-16.6,10
"FC",3.7,3.2
"FC",2.5,10.1
"CU",7.3,-5.4
"CH",-10.3,1.1
"CU",8.2,-6
"CU",6.4,-4.1
"SI",-15.5,11.4
"FF",-7,15.2
"FC",3,6.7
"SI",-15.7,6.4
"FF",-6.4,14.4
"CH",-8.9,1
"CU",7.7,-9.2
"FF",-6.7,15.8
"CU",10.2,-10.4
"SI",-17.4,8.8
"FF",-5.2,18.6
"FF",-3.8,14.8
"CU",8.9,-6.5
"CU",7.9,-5.3
"FC",3.7,7.7
"FF",-6.6,16.1
"CU",6.7,-5
"FC",0.5,13
"SI",-18.8,8.4
"FF",-8.6,13.3
"FC",1.1,7.7
"FF",-9.8,17.3
"SI",-17.6,6.6
"FF",-4,15.4
"FC",5.6,5.3
"CH",-5.8,-1.8
"CU",5.2,-8.8
"FF",-4.2,15.1
"CU",4.3,-4.6
"FF",-5,15
"SI",-17.5,9.7
"SI",-19.2,10
"FF",-6.4,16.4
"FF",-6,16.2
"SI",-15,9.4
"FC",6,7
"SI",-15.8,8.8
"FF",-5.2,18.8
"FF",-8.5,16.1
"FF",-8.8,18.1
"FF",-9.6,14.6
"FC",-0.5,6.1
"FF",-8.2,16
"FF",-8,17.5
"FF",-8.4,16.6
"SI",-14.6,7.1
"FF",-10.9,16.8
"CU",8.3,-4.2
"FF",-9.8,13.8
"FF",-12.8,13.1
"FF",-11.6,13.7
"FC",3.5,10.7
"FF",-10.1,17.3
"CU",6.6,-6.7
"FF",-9.2,16.2
"SI",-18.5,10
"FF",-10.6,15.6
"FC",2,7.7
"FF",-12,17.2
"SI",-17.9,7.3
"FF",-8.5,14.2
"FF",-11.5,14.5
"FF",-10.9,14.6
"FF",-10.4,15.2
"FF",-12.2,14.2
"FF",-9.7,18.4
"SI",-18.1,7.3
"SI",-20.9,9.6
"SI",-21.5,8.8
"CU",8.8,-5.9
"FF",-9.5,16
"SI",-17,9
"FF",-10.6,13.9
"FF",-11.8,14.9
"FF",-9.5,13.7
"FF",-9.2,13.2
"FF",-14.2,15.5
"FF",-13.6,14.8
"FF",-7.9,14.8
"SI",-17.4,10.2
"FC",2.8,10.2
"SI",-18.8,9.5
"SI",-17.5,9.5
"SI",-16.3,11.2
"FF",-8.5,15.7
"FF",-8.4,17.6
"FF",-5.5,16
"SI",-16.1,9.4
"FF",-9.5,15.2
"FF",-9.1,15.6
"SI",-17.9,10.4
"FF",-10.8,15.1
"SI",-14.6,10.6
"CU",6.6,-4.3
"FF",-10.4,16.7
"FF",-8.4,16.1
"CH",-9.4,0.1
"FF",-8.5,13.8
"FC",4.2,6.4
"FF",-6.5,16.9
"FC",2.2,7.1
"FF",-9.7,16.7
"FC",2.4,7.8
"FF",-7.2,17.2
"SI",-17.6,9.2
"FF",-9.6,15.7
"FF",-10.3,14.6
"FC",3.8,5.2
"FC",1.8,9.2
"FF",-8.5,16.4
"SI",-16.8,10.7
"CU",6.4,-5.5
"FF",-7.3,16.1
"FF",-7,15.7
"FF",-9.5,17.6
"FC",1.6,10.1
"FF",-9.1,17.3
"FF",-10.6,14.2
"SI",-18.1,8.8
"FF",-11.9,15.2
"SI",-17.5,11.2
"FF",-6.8,16.9
"SI",-18.1,6.8
"FF",-9.1,16.3
"FF",-8.8,16.6
"FC",4.6,8.3
"FF",-9.2,16.4
"SI",-16.4,8.5
"FF",-8.4,13.8
"CU",9.1,-7.9
"FF",-7.8,17.2
"FF",-7.7,17.9
"FF",-7.1,18.2
"FF",-8.8,17.2
"FC",3.2,8.4
"FF",-8.9,15.6
"SI",-19.7,8.2
"FF",-7.4,17
"FF",-6,16.6
"FF",-8.5,15.7
"SI",-17.5,8.6
"SI",-15.1,13
"FF",-8.6,18.8
"SI",-16.2,11.9
"SI",-16.7,11.4
"FF",-7.4,19.2
"FF",-6.2,18.7
"SI",-17.6,11.9
"FF",-9.7,13.2
"CH",-10.6,6.1
"SI",-16.3,6.2
"CU",4,-4.2
"CH",-8.5,-1.7
"FF",-10.7,16.1
"FF",-12.8,14.4
"FC",5.2,4.6
"FC",3,3.8
"SI",-23.3,10.4
"CU",5.9,-4.7
"FF",-10.4,12.7
"CU",6.5,0.2
"CH",-11.5,4
"CU",6.2,-5.2
"FF",-9.4,15.5
"SI",-18.8,11.6
"SI",-18.4,11
"FF",-8.4,15.5
"FC",2.8,7.1
"SI",-15,12.6
"FC",2.5,6.6
"SI",-17.3,9.2
"SI",-16.9,9.1
"FF",-10.1,15.5
"FF",-10.6,15.6
"SI",-16.7,6.8
"FF",-8.9,16
"CU",4.3,-7.2
"FC",3.7,5.2
"FF",-8.9,14.4
"CU",7.4,-7.7
"FF",-7,14.2
"FC",4.3,6.7
"CU",10.3,-8.4
"CU",6.6,-6
"SI",-14.6,8.6
"FC",2.4,7.4
"FC",1.6,6.8
"FC",0.8,5.4
"SI",-17.2,8.6
"FF",-9,14.5
"CU",4.8,-4.4
"SI",-20.3,7.7
"CH",-12.8,0.4
"FF",-9.8,14.9
"CU",5.6,-5.6
"CH",-11.5,-0.4
"FF",-8.9,14.9
"FF",-9.1,13.7
"CH",-12.1,0.2
"CU",7.3,-5.2
"FC",1.3,8.4
"FF",-9,14.5
"FC",1,10.1
"SI",-15.8,8.5
"SI",-16.6,8.2
"FF",-8.5,11.9
"SI",-15.4,9
"FF",-10.8,15.4
"FC",2.2,9.2
"SI",-17,7.4
"FF",-7.6,18.4
"FF",-11.8,17.5
"SI",-20.5,9.4
"FF",-10,14
"FF",-7.2,17.4
"FF",-9.6,14.6
"CU",5,-7
"FF",-8,15.1
"FF",-7,13.6
"CU",7.9,-3
"FC",0.6,7.4
"FF",-11.4,16.9
"SI",-16.1,7.9
"FF",-6.1,13.2
"FF",-6.4,14.9
"SI",-14.9,7.6
"FF",-3.4,15.6
"CU",7.7,-4.8
"CU",9.4,-6.7
"FF",-7.2,14.6
"FC",4.9,7.8
"FF",-9.1,11.5
"FF",-7.8,13
"FC",3.8,4.1
"FF",-10.3,13.9
"SI",-17.5,8.6
"FF",-9.6,14.6
"SI",-16,7.9
"CU",7,-9.4
"SI",-18.2,8.3
"FF",-7.1,15.5
"CH",-15,-1.4
"FC",4.2,7.9
"CU",8.2,-5.8
"SI",-17.3,7.1
"CU",7.8,-8.2
"FC",2.9,9.2
"FF",-9,15.4
"FF",-10,15.1
"SI",-15.1,8.5
"FC",4.6,5.3
"FF",-9.8,16.3
"CH",-11.3,0.4
"FF",-9.1,16.2
"SI",-18.6,8.8
"FF",-9.5,15.1
"FC",-1.6,5.4
"FF",-10,15
"FF",-8.6,15.4
"SI",-17,8.6
"CU",10.1,-9
"SI",-16.9,6.1
"SI",-14.9,9.4
"FF",-9.1,14.2
"FF",-7.7,15.6
"SI",-17.6,8.3
"FC",3.5,4.9
"FF",-7.3,17
"FF",-11.6,15.8
"SI",-17.8,6.7
"FF",-11.3,15.5
"CH",-10.2,-4.6
"SI",-14.9,5.5
"FF",-8,14.2
"FC",2.2,6
"FF",-9.5,13.6
"SI",-17,7
"FC",0.2,4.2
"FF",-4.8,15.6
"FF",-9.4,13.7
"SI",-17.3,7.9
"FC",2.3,7.4
"SI",-16.3,9.5
"FF",-9.4,14.3
"FF",-7.1,15.2
"SI",-18.6,8.8
"SI",-16,7.7
"SI",-13.8,7
"FF",-10.2,13.6
"FC",1.4,10.7
"FC",2.8,8.2
"FF",-9.2,13.3
"SI",-18.8,7.7
"FF",-5.9,14.5
"FC",6.1,4.9
"FF",-7.2,14.4
"SI",-17,8.5
"FF",-6.7,13.8
"CU",7.8,-6.5
"FC",1.9,7.7
"SI",-17.3,8.4
"FC",3.6,5.8
"FF",-8.3,12.8
"FF",-6.2,15.6
"FC",3.5,7.3
"FF",-9.7,14
"CU",9.8,-7.3
"CU",3,-3.4
"SI",-17.4,8.3
"SI",-17,7.6
"FF",-9.1,15.7
"FC",0.5,10
"FF",-8.9,13.9
"CU",6.1,-3.5
"FF",-9.7,15.1
"FC",2.2,7.2
"FF",-11.9,14.5
"FF",-9.2,13.4
"SI",-18,10.1
"FF",-12.2,13.2
"FF",-11.2,14.2
"FF",-10.2,14.8
"FF",-8.4,14.6
"FC",2.8,3.7
"SI",-16,8.5
"FC",3,7.7
"SI",-18.4,9.4
"CH",-13.4,-1.8
"FF",-8.4,17.2
"FC",3.6,7.3
"FC",3.2,9.1
"CU",9,-4.6
"SI",-17.6,7.6
"FF",-9,14.9
"SI",-14.6,6.8
"SI",-15.2,10.2
"FC",3.5,7.6
"SI",-16.1,9.6
"CU",5.2,-1.9
"FF",-10.4,13.1
"FC",1,8.8
"CU",6.5,-1.3
"FC",-0.2,8
"FF",-10.4,13.9
"SI",-17.6,10.3
"CU",8.5,-3.6
"FC",3,8.2
"FF",-12.1,14.9
"FF",-11.9,16.3
"FC",-0.2,9.4
"FF",-9.6,13.2
"FF",-10,15.6
"FF",-6.7,14.4
"FF",-6.4,13.9
"FF",-6.8,13.8
"FC",2.5,7.1
"FC",3.1,7.8
"SI",-15.6,10.3
"FF",-10.8,13.7
"FC",3.8,9.5
"CU",6,-3.5
"FC",2.9,7.4
"FF",-10.1,14.8
"FC",3.2,9.2
"FF",-7.9,15
"FC",2.9,7.7
"FF",-6.4,13.7
"SI",-14.9,9.2
"FC",3.7,5.3
"FF",-7.8,13.2
"FF",-10.1,15.6
"FF",-10.3,13.9
"FC",3.6,6.5
"SI",-17.9,8.2
"FF",-10.4,16.8
"SI",-16.9,10.3
"FF",-11.9,14.2
"FF",-10.6,16
"FF",-5.2,16.9
"FC",3.5,9.6
"FF",-7.1,16
"FF",-8.4,13.4
"SI",-15.7,8.5
"SI",-16.7,9
"FF",-6.7,16.3
"FF",-8.6,14
"FF",-10.2,14.8
"FF",-11.5,14.5
"CH",-7.6,-2.5
"SI",-16.8,12
"FF",-10.7,14.3
"FF",-6,16.7
"FC",3.2,6.1
"SI",-19.1,9.1
"SI",-16.4,10.2
"SI",-18.5,10.2
"SI",-18.5,9.6
"CU",6.8,-2
"SI",-16.7,10.7
"FF",-13.6,16
"CH",-7.1,-0.8
"SI",-17.8,10.7
"FC",1.3,11.2
"FF",-12.5,14.4
"CH",-12.8,0
"FF",-8.3,17.4
"CU",5.3,-1.8
"FF",-14.2,16.9
"FF",-10.4,16.4
"SI",-19.7,9.5
"FF",-13.9,16.1
"SI",-16.6,13.3
"SI",-16.1,11
"SI",-18.2,11.9
"FF",-7.4,15.8
"FF",-10.7,15.6
"FF",-9.4,16
"FF",-13.8,15.2
"FF",-9.7,15.8
"FF",-9.1,14.2
"FF",-9.6,15.4
"SI",-16.4,11
"CU",7,-6.7
"SI",-18.5,10.3
"FC",1.9,7.1
"FF",-12,14
"SI",-19,9.7
"SI",-19.3,8
"FF",-6.8,15.5
"CH",-12.6,1.9
"FF",-10.7,14.9
"FF",-10,15.6
"FC",3,5.2
"SI",-16.6,12.2
"FF",-12,13.8
"SI",-17.9,8.9
"SI",-16.2,9
"FF",-9.5,17.9
"FF",-8.5,17.5
"CU",6.6,-5.5
"FF",-9.5,17.8
"FF",-8.9,16.1
"CU",8.6,-3.1
"CU",6.4,-2.6
"FC",2.4,9.8
"FF",-8.2,16.7
"SI",-16.1,12.2
"FF",-9.1,16.3
"FC",5.2,7.1
"FF",-7.6,18.8
"FF",-12.8,15.2
"FF",-11.6,16.2
"FC",3.4,3.4
"FF",-6.1,17.5
"FF",-7.9,17.2
"CU",6,-1.8
"SI",-17.4,8.5
"FC",3,6
"SI",-16.9,13.7
"FC",3.4,8.9
"FF",-10.2,16.6
"SI",-17.2,9.2
"SI",-16.3,12.2
"FF",-7.8,18.7
"CU",8.3,-5.3
"CU",4.3,-3.8
"FF",-8.6,17.6
"FF",-8.8,15.4
"CH",-8.8,1.6
"SI",-16.7,9
"FC",2.6,10.4
"FF",-10.7,16.6
"SI",-16.8,10.8
"SI",-18.5,9.7
"FF",-11,15.4
"FF",-8.4,16.7
"SI",-18.4,10.2
"FF",-7.2,17
"SI",-18.7,8.2
"FF",-11.5,14.3
"FF",-9.7,16.4
"SI",-17,9.4
"FF",-7.9,17
"FC",4.2,5.6
"SI",-17.6,8.9
"FC",5.2,3.6
"FF",-14,16.8
"SI",-14.9,9.7
"SI",-16.2,8.3
"FF",-6.1,17.9
"SI",-19.1,9.8
"FC",2.9,10
"FF",-9.5,17
"FC",1.3,7.4
"FC",2.3,8.2
"FF",-10.2,14.8
"FC",5.9,4.2
"FC",5.6,5.2
"FF",-5,15.7
"FC",4.7,6.6
"SI",-16.4,7.8
"SI",-16.8,8.2
"FF",-9.1,13
"SI",-15.6,9.4
"SI",-19.1,9.4
"FF",-13.9,15.6
"SI",-15.8,9
"FF",-8.5,16
"SI",-14.2,8.4
"SI",-14.2,8.3
"SI",-14.4,6.8
"CU",6.4,-6.6
"FF",-9.6,17.4
"FF",-10.1,16.7
"SI",-19.3,9.4
"FF",-10.4,16.8
"FF",-11,16.9
"FF",-8.8,18.1
"FF",-8.4,16.1
"FC",1.9,8.6
"FF",-12.2,18
"FF",-13.9,18.7
"FF",-9.1,14.3
"SI",-15.7,8.4
"FF",-8,15.7
"FF",-7.9,15.7
"FF",-9.8,13.4
"FF",-7.3,14.2
"FF",-9.7,16.4
"FF",-8.2,14.3
"FF",-9.2,13.1
"FF",-6,17
"FF",-8.6,14.5
"FF",-9.7,15.7
"FF",-10,13.6
"SI",-15.4,8.5
"FF",-8.3,17.3
"SI",-13.8,8.9
"FF",-10.3,15.4
"FC",3.8,4.3
"FF",-10.3,15.2
"FF",-10.4,15.6
"FF",-9.8,14.5
"SI",-16.1,7.6
"CU",4.9,-1.9
"FF",-9,13.4
"SI",-17.2,10.1
"SI",-19.4,7.3
"SI",-18,9.8
"SI",-16.3,8.2
"FF",-8.6,14
"SI",-16,8.6
"FF",-7.8,13.7
"FF",-9.4,14.9
"SI",-13.2,11.4
"SI",-19,8.9
"FF",-7.9,15.8
"FF",-7.1,17.8
"FF",-9.8,16.1
"FF",-9.5,16.6
"FF",-11,16.9
"FF",-11.5,14.5
"FF",-10.7,14.9
"FF",-9.8,15.6
"CH",-12.4,1.4
"FF",-10.6,15.4
"FF",-12,12.8
"SI",-17,8.4
"FF",-10,12.8
"FF",-9.6,15.2
"FF",-10.4,16.3
"FF",-12.5,14
"FC",4,7.2
"FF",-12.7,17
"FF",-12,16.7
"FC",0.8,6
"FF",-7.9,14
"FC",4.8,4.8
"FF",-8.6,15.7
"FF",-7.8,13.9
"FF",-8.5,15.6
"FC",4.7,1.8
"SI",-15.2,9.1
"FC",3.5,6.2
"FF",-6.6,16.3
"FC",6,3.5
"CU",5.5,-7.2
"FF",-8.5,15
"SI",-17.6,6.4
"FF",-9.7,18
"FF",-7.3,16.7
"FC",5.2,4.6
"FF",-10.9,16.6
"SI",-16.1,10.6
"FF",-7.7,13.6
"SI",-20,8
"FF",-6.7,16.4
"FF",-8.9,15.5
"FF",-9.8,13.9
"FF",-7.3,16.4
"CU",6.7,-4.9
"FF",-7.1,15.7
"CU",10.8,-3.5
"FF",-9.7,14.9
"FF",-11.8,16.7
"SI",-17.9,10.4
"FF",-14,13.8
"CU",11,-4.9
"FF",-7.7,19.4
"FF",-11.2,17.6
"FF",-8.8,19.3
"SI",-20.2,13.4
"SI",-16.7,5.5
"FF",-8,13.4
"FF",-10.7,13.8
"SI",-16.8,10.3
"FC",2.3,3.6
"SI",-19,8.3
"FF",-10.3,17.5
"FF",-11.5,14.4
"FF",-11.4,15.8
"FF",-9.7,15.7
"FC",2.6,4.3
"SI",-21.6,9
"FF",-10,15.4
"FF",-11.3,16
"FF",-8.4,15.7
"FC",5.9,2.6
"FC",2.3,5.9
"FF",-12.1,16.2
"FF",-8.8,16.3
"FF",-10.2,14.9
"FC",2.8,8
"SI",-17.3,9.8
"FF",-9.7,16.1
"FF",-9.6,16
"SI",-16.7,8.3
"SI",-16.8,8.8
"FF",-9.6,13.6
"FF",-8,17.4
"FF",-11,15
"FF",-11.9,17.2
"FF",-13.1,14
"SI",-16.8,7.7
"FC",3.6,6.5
"FC",3.5,6.4
"FF",-11.6,14.3
"FF",-10.6,16.6
"FF",-9.6,16.6
"FC",3.7,7.4
"FF",-10.1,14.2
"FF",-7.6,14.4
"FF",-9.1,16
"FF",-11.4,16.1
"FF",-10.7,15.8
"FC",4.6,3.1
"FF",-8.5,14.4
"SI",-17.8,7.2
"SI",-17,9
"FF",-9,16.4
"FF",-8.8,14.8
"FF",-8.9,15.4
"FF",-9.5,16.8
"FF",-9,16.2
"FC",4,4.6
"SI",-15.7,7.2
"FF",-11,16
"CH",-12.1,2.4
"FF",-10.4,14.3
"FC",5.3,4.1
"FF",-9,15.4
"FF",-11.2,15.4
"FC",4.1,3.1
"FF",-12,15.8
"FF",-8.4,17.5
"FC",3.2,7.9
"SI",-19.1,9
"FF",-13.8,14.9
"FC",4.4,8.8
"CU",6.8,-4.8
"SI",-18.1,10
"CH",-8.4,-3
"FF",-11.5,14.9
"CU",7.1,-8.4
"FC",2.5,8
"CU",9,-4.3
"FF",-9.8,15
"SI",-18.7,10.7
"FF",-9.5,17.4
"FC",1.8,11.8
"SI",-18,10.3
"CU",5.6,-4.4
"FF",-12.5,16.9
"CU",7.4,-3.7
"FF",-11.4,15.5
"FF",-10.4,16.9
"SI",-19.7,8
"FF",-12.7,16.4
"SI",-19,10.8
"FC",7.6,4
"SI",-19.1,9.8
"FF",-9.8,15.2
"CU",5.9,-5.3
"FF",-9,16.2
"FF",-11.9,16
"SI",-20.8,6.5
"FC",-1,10.6
"SI",-18.8,9.4
"SI",-17,13.2
"FC",3.1,7
"FF",-14.2,14.9
"FC",4.4,4.4
"FF",-11.9,14.3
"FF",-10,14.9
"SI",-17.4,10.4
"FF",-10.2,17
"FF",-9.7,15.5
"FF",-9.7,17.5
"FC",3.2,8.9
"FF",-9.5,17.4
"FC",3,10.3
"FF",-12.2,16.3
"FF",-10.9,16.2
"SI",-19.8,9.6
"FC",2.5,9.4
"FF",-15,16.1
"FF",-11.2,17.2
"CU",5.8,-5.2
"FF",-12,15
"FF",-11.9,17.5
"FC",1.3,7.7
"FF",-13.4,16
"CH",-8.8,1.3
"SI",-17.6,11
"FC",4,10.1
"FF",-11.8,18.4
"CU",9.7,-4.2
"FF",-12,15
"FF",-12.1,17.5
"SI",-20,10.4
"FF",-11.9,16
"SI",-19.7,7.9
"SI",-17.3,12.1
"FF",-9.8,17.4
"SI",-18.1,10.8
"SI",-19.7,10
"FF",-8.4,16.6
"FF",-13.3,15.4
"SI",-18.5,11.4
"FF",-11.9,16.6
"SI",-17.8,13
"FF",-10.3,16.8
"FF",-12.5,16.6
"FF",-11.4,15.6
"FF",-10.9,16.2
"FC",2.2,12.2
"FF",-9,17.4
"FF",-12,15.5
"FF",-12.7,16
"FF",-10.8,17.8
"SI",-17.3,12.4
"FF",-13.2,14.2
"SI",-16.8,10.9
"FF",-9.2,17
"FC",2.6,8.4
"FF",-13.7,15.8
"FF",-15.7,14.2
"SI",-18.8,10.6
"FF",-10,15.6
"FC",3.5,6
"FC",3.6,5.9
"FF",-11.2,14.3
"FF",-10.7,13.8
"CU",13,-9.1
"FF",-11.2,16.8
"FC",3.5,7.6
"FF",-9.7,15.7
"SI",-16.1,7.8
"SI",-16.7,6.4
"FF",-8.6,14.2
"FF",-9.4,14.3
"FC",2.4,6.4
"SI",-16.8,9
"SI",-17.9,7.7
"CH",-9.2,1.1
"FF",-10,13.8
"FC",4.1,5.4
"FC",2.3,5.6
"SI",-18.2,7.4
"FF",-6.7,16.1
"SI",-18.1,7.8
"CH",-11.2,4.3
"SI",-17.4,8.6
"FF",-7,15.6
"CH",-8,-3.2
"FF",-12.2,12.7
"CH",-7.6,0.2
"FF",-10.6,14
"CU",4.4,-3.2
"FF",-9.4,17.8
"FC",-0.2,6.1
"FF",-12.7,15.1
"FF",-9.2,16.1
"CU",4.7,-6.6
"SI",-17.9,8
"SI",-19.2,6.7
"FF",-10.3,15
"SI",-17.4,7
"SI",-15.2,7.4
"FF",-8,15
"FC",2.4,6.6
"SI",-16.1,10.4
"CU",5.4,-5.9
"FF",-13.8,13.4
"FF",-11.6,12.5
"SI",-17.4,8.9
"FF",-7.3,16.3
"FF",-10.6,14.9
"FF",-8.2,18.1
"FF",-12.4,14.3
"FF",-13,14
"FF",-10.4,14.6
"FF",-10.6,16.3
"FC",5.2,4.6
"FF",-8.9,16
"FF",-8.6,16.4
"FF",-13.9,13.2
"CH",-7.7,-2
"FC",5,8.3
"FF",-10.6,15.8
"FF",-11.5,13.1
"SI",-16.1,10.2
"FF",-14.3,13
"FF",-14.3,11
"SI",-18,10.3
"SI",-16.9,9.5
"FC",4.3,5.6
"FF",-8.6,17
"FF",-6.6,14.2
"FF",-8.2,15.5
"FF",-7.8,15.7
"FF",-6.4,16
"FF",-8.4,15.5
"FC",5.4,6.7
"FF",-10.7,15.4
"SI",-16.7,9.2
"FF",-9.4,15.5
"FF",-11.6,16
"FF",-9.6,14.3
"CH",-7.7,3.1
"FF",-13.1,14.5
"FF",-10.1,15.7
"FF",-11.4,13.6
"SI",-17.4,7.1
"FF",-11.2,14.2
"FF",-7.1,16.1
"FF",-10.8,14.4
"FF",-11.3,13.6
"FC",4.6,2.9
"SI",-18,10.1
"FF",-9,14.2
"FC",5.3,3.5
"FF",-6.7,17
"FF",-6.7,17.2
"SI",-15.1,8.6
"SI",-13.8,11
"FF",-7.7,13.7
"FF",-8.2,13.6
"FF",-10.1,15.2
"FF",-7.8,16.7
"SI",-16.2,9.4
"SI",-17,11.2
"SI",-15.5,10.4
"FF",-8.2,15.6
"FC",5.4,8.4
"FF",-5,14.4
"SI",-16.6,8.8
"FC",4.1,4.2
"FF",-9.1,13.4
"FF",-6.5,15.5
"FF",-12,13.7
"SI",-15.2,10.2
"FC",5.2,3.5
"FF",-7.1,14.5
"SI",-15,11.4
"FF",-11,16.3
"FF",-11.3,12.8
"FC",1.2,5.8
"FF",-10.4,15.4
"FF",-9.7,16.4
"FC",1.4,4.9
"SI",-16.4,8.6
"FC",3.2,7.8
"FF",-5.3,16.4
"SI",-14.4,10.9
"FC",2.4,4.6
"SI",-13.2,11.2
"SI",-15.7,8.5
"FF",-11.4,14.3
"SI",-15.1,10.1
"FC",0.7,4.1
"FF",-9.7,15.5
"FC",4.3,6.5
"FF",-11.2,14.9
"FF",-8.5,14.3
"FC",3.5,4.8
"FF",-10.6,16
"SI",-17.2,9.8
"FC",4.4,5.8
"SI",-16.2,10.3
"FC",4.6,7.7
"FF",-9.6,15.6
"SI",-18.8,8.5
"CU",9.8,-7.7
"FC",1.8,5.5
"FF",-10.7,15.2
"CU",8.9,-4.2
"FF",-10.2,13.2
"FF",-9.8,14.9
"FF",-11.8,16.8
"FF",-8.9,14.9
"FF",-11,14.3
"FC",4.6,5.5
"FC",4.7,6.6
"SI",-18,11
"FF",-11.3,15.7
"FF",-14.2,15.7
"FC",0.7,7.1
"FF",-11.6,17
"FF",-12.6,13.8
"FF",-13,15.4
"FF",-11.4,16.4
"FF",-13.8,14.5
"FF",-12.1,15
"SI",-15.1,10.9
"FF",-8.4,16.7
"FF",-9.4,15.6
"FF",-7.3,16
"FC",3.4,7.1
"SI",-14.3,9.8
"FF",-9.5,13.2
"FF",-9.8,13.3
"FC",4.4,7.3
"FF",-10.7,14.6
"SI",-15.4,10.7
"FF",-9.2,14.4
"FC",1.3,7.4
"CH",-11.4,1.8
"FC",1.1,7.1
"FC",1.2,11.4
"CH",-9.4,0
"SI",-17,10.9
"SI",-16.8,8.3
"FF",-7.1,16.2
"FF",-12.1,15.2
"CH",-11.4,3.1
"FF",-11.4,11.5
"FC",4.4,4.3
"FF",-5.6,17.3
"SI",-15.5,7.8
"SI",-16,10
"FF",-8.5,14.9
"FF",-11.9,14.9
"FC",0.5,6.1
"FC",7.2,7.7
"SI",-18,9.6
"FC",2.6,3.1
"SI",-16.3,9.8
"CU",7.8,-0.4
"FC",2.3,5.9
"FF",-10.7,16.2
"FF",-11.2,14.6
"CU",4.3,-2.8
"FC",1.4,5.8
"FF",-8.8,14.5
"SI",-18,9.4
"FC",3,6.7
"SI",-16.9,8.9
"SI",-14.6,9.2
"FC",3.7,5
"SI",-18,5.9
"CU",6,-4.9
"FF",-7.9,15.8
"CH",-13.6,2.4
"SI",-17.2,10.8
"CU",9.2,-1.6
"FC",2.4,7.9
"FC",2,8.2
"FF",-12.6,14
"SI",-14.9,7.9
"FC",2,5.5
"SI",-16,7
"CU",6.5,-3.4
"FF",-12.4,13.2
"FC",5.4,7
"SI",-17.2,7.6
"SI",-17.6,7.4
"SI",-14,10.2
"FF",-9.2,15.6
"FF",-11.3,12.8
"SI",-17.4,6.1
"CU",5.2,-3
"FF",-10.9,15.1
"FF",-12.8,16.7
"FC",2.9,7.8
"FF",-14,14
"CU",6.8,-2.3
"FF",-10.1,13.2
"FC",2.8,8.3
"FF",-11.5,14.6
"FF",-11.9,12.2
"FF",-13.4,13.9
"SI",-17.5,6.6
"CU",4.7,-3.2
"FF",-12.2,12.8
"SI",-13.1,12.6
"SI",-15.2,10.3
"SI",-16,9.8
"SI",-15.6,9.6
"FF",-12.5,13.7
"FC",1.2,7
"CH",-12.8,-0.4
"FF",-10.7,14.6
"SI",-15,8.5
"FF",-13.3,15.2
"FF",-10.4,15.1
"FF",-10.7,13.6
"FF",-10.6,14
"FC",2.5,2.9
"FC",4.6,6
"FC",3.7,7.4
"FC",4,6
"FF",-8.8,14.2
"FC",5.2,4.9
"FF",-7.1,15
"FC",6.2,5.3
"FC",1.6,6.1
"FC",1.3,8.2
"FF",-10.7,16.2
"FC",4.1,4
"FC",4.2,5.3
"FF",-8.2,13
"FF",-7,15.1
"FC",4.7,6.7
"FC",2.4,3.6
"SI",-16.2,11
"FC",4.7,5.5
"CU",6.1,-4.3
"FF",-6.1,16
"FF",-8.6,16.9
"FC",4,7.2
"FF",-12.4,16
"FF",-10.7,15.6
"FF",-11.5,15.4
"CH",-10.8,4.1
"FC",2.3,4.8
"FF",-6,14.9
"FF",-7.6,16.4
"FC",6,4.2
"FF",-7.3,14
"FF",-8.2,15.5
"SI",-15.4,9.7
"SI",-16.3,10.4
"FF",-9.1,15.2
"FC",-0.1,6.4
"FF",-12.2,16.1
"FF",-12.8,15.2
"FF",-11.6,14.4
"FF",-10.7,13.7
"FC",1.4,4.7
"FF",-8.4,14
"CU",6.8,-4.3
"FF",-12.1,13.8
"FF",-12,16
"FF",-7.9,17.9
"FF",-9.6,16.1
"FF",-12.8,15.7
"FC",2.5,6.5
"SI",-18.7,5.9
"FF",-7.7,16.8
"FC",1.3,6
"FC",4.8,6.2
"FC",2.6,7
"FF",-9.4,13.4
"FF",-7.2,15.7
"FF",-10.2,13.8
"CH",-9.1,-0.5
"SI",-16.8,6.8
"FF",-10,14.5
"FF",-8.5,14.2
"FF",-9.4,14.9
"SI",-14.2,9.8
"FC",3.8,6.8
"FF",-7.9,14.3
"FF",-9.1,13.9
"FF",-9.5,14.9
"FC",2.8,8.3
"CU",3.5,-6.5
"FC",1.6,6.7
"SI",-18,9.2
"FF",-13.6,14.9
"SI",-18.1,9.4
"CU",6.7,-5.9
"FF",-9,16.4
"FC",4.6,5.2
"CU",7.6,-7.7
"SI",-17.3,7.1
"FF",-9,12.4
"FC",3.4,4.1
"FC",2.9,7.6
"SI",-16.1,10.1
"CU",10.6,-5.4
"FF",-10.9,14.5
"FF",-10.8,14.4
"SI",-17.9,6.6
"SI",-18.2,9.7
"FF",-12.2,16.3
"SI",-16.7,10
"FC",3.8,4.2
"CH",-15.6,1.7
"FF",-9.7,16.2
"FF",-11.4,16.1
"FF",-10,14.6
"CU",5.8,-7.6
"SI",-14.4,7.9
"SI",-14.2,10.7
"FF",-9.4,15
"FF",-8.3,13.2
"CU",7.2,0.5
"FF",-9.4,16.1
"FF",-9.8,13.2
"FC",4.2,3.5
"FF",-9.6,12.2
"SI",-16.3,8
"FC",3.4,5.5
"SI",-17.4,10.1
"FF",-9.5,15
"CU",7.8,-7.2
"FC",2,3.1
"CH",-13,2
"SI",-16.3,7.6
"CU",8,-4.9
"SI",-17.2,9.4
"FC",3.6,6.4
"SI",-16.9,9.2
"FF",-11,13.9
"CH",-13,0.2
"FF",-9.6,16.2
"CH",-12.6,2.5
"CU",9.8,-9
"FF",-10.3,14
"FF",-8.3,16.8
"FF",-11,13.8
"SI",-16.7,10
"FF",-11.8,14.2
"FC",3.8,4.8
"FF",-8.3,13.3
"FC",3.8,5.5
"CU",4.8,-3
"FF",-9,13.8
"FF",-8.6,13
"FF",-8.2,15.5
"SI",-16.2,7.6
"FF",-10.1,13
"FF",-9.2,11.6
"SI",-16.2,8.6
"FC",3.8,3.6
"SI",-16.4,6.4
"FC",3.8,5
"FF",-9.8,13
"FF",-9.4,13.2
"FF",-9.8,15.5
"CU",5.8,-4.7
"FF",-9.8,14.5
"SI",-16.4,9
"FF",-10.6,15.1
"SI",-16.7,8.2
"SI",-15.5,10.4
"FC",1.2,4
"FF",-8.5,16.1
"FF",-10.6,15.6
"FC",4.4,1.3
"FF",-5.5,16.6
"FC",4.3,4.1
"FF",-7.7,15.8
"FF",-8.8,14.5
"FF",-9.4,15.7
"FF",-8,14.9
"FF",-7.3,14
"FC",4.3,5
"FF",-7.8,16
"FF",-6,14
"FF",-10.9,15
"FC",2.6,1.6
"FF",-12.1,15.2
"FF",-11.4,14.4
"FC",1.9,3.6
"FF",-10.3,16
"SI",-15.6,12.2
"FC",1.7,7.7
"CU",8,-3.6
"CH",-11.4,7.3
"FC",3.4,5.6
"FF",-8.9,15.8
"CH",-13.1,2.9
"SI",-17.8,8.5
"FC",1.2,5.2
"FC",2.9,9.8
"SI",-14.9,11.8
"FF",-9.7,15.8
"CU",10.8,-6.2
"FC",1.2,5.4
"CU",5.4,-0.2
"CU",7.4,-3.7
"FF",-10.7,16.8
"FC",4.2,6.4
"FC",5.2,5.4
"FC",3.6,3.6
"FF",-6.8,16.1
"FF",-6.5,17.5
"FF",-7.9,15.4
"FC",5.2,1.9
"FC",2.9,5.5
"FF",-11.6,17.6
"FF",-13.1,17.8
"FF",-12.8,15.8
"FF",-12,16.6
"FF",-12.5,15.6
"FF",-9.7,17.6
"FC",3.2,7.2
"FF",-12.4,16.6
"FF",-11.3,16.1
"CU",8.2,-6.4
"CU",8.9,-6.1
"FF",-10.8,15.7
"FF",-11,16.2
"CU",5.4,-5.5
"FF",-9.4,14.9
"FC",4.3,2.4
"FF",-8.2,16.2
"SI",-17.8,10.7
"FF",-10.2,15.5
"FF",-9.6,14.9
"FC",4,4.4
"FF",-10,17.9
"FF",-5.6,18.7
"FC",3.7,6.6
"FF",-8.4,16.8
"FF",-5.3,18.6
"FF",-6.2,16.9
"FF",-4.9,18.4
"FF",-7.8,16.9
"SI",-20,9.1
"FF",-7.2,17.6
"FF",-10.7,14.9
"FF",-8.3,15.5
"FF",-10.1,16.3
"FF",-8.8,15.1
"SI",-15.7,12.5
"SI",-17.3,7.4
"FC",4.9,5
"FF",-11.3,15.5
"SI",-17.8,10.2
"SI",-18.4,8.4
"SI",-16.8,10
"FF",-10.9,13.9
"FC",4.3,4.3
"FC",3,5.8
"FF",-7.1,15.4
"SI",-16.9,10.2
"SI",-16.4,9.4
"FC",4.3,4.4
"FF",-9.7,15
"CU",4,-4.2
"FC",2.8,8.5
"FC",0.5,7.3
"FC",1.8,7.9
"FC",1.2,8.2
"SI",-14.5,10.6
"FF",-10.1,14.8
"FF",-8.6,15.4
"FC",2.4,5.4
"FC",2.4,7.8
"FC",0.7,8.9
"FF",-11.9,15.2
"FC",4.1,5.8
"SI",-14.4,11.8
"FF",-13.2,16.1
"FF",-13.8,16.6
"SI",-17.9,8.5
"CU",7.2,-5.6
"FF",-10.8,15.4
"FC",3.8,7.6
"FC",1.9,8.9
"SI",-16.6,8.3
"FF",-12.4,14.2
"FF",-10.2,14.6
"SI",-16.2,8.6
"FC",2.2,6.5
"FC",2.8,7.6
"FF",-10.1,14.5
"FC",4.7,4.6
"FC",1.1,4.2
"FF",-7.8,18.2
"SI",-16.9,9.2
"SI",-16,10.3
"FF",-11.3,13.9
"CU",5.5,-5.2
"FF",-12.1,16.7
"FF",-10.7,14.9
"SI",-16.6,11.5
"CU",4.3,-4.2
"FF",-10.3,14.8
"CH",-9.8,2.6
"SI",-15.1,9.6
"FC",2.6,5.4
"FF",-11.4,15
"SI",-19.8,9.7
"FF",-11.6,15.2
"FC",-0.4,3.7
"FF",-8.9,15.5
"FF",-9.7,15.5
"FC",4.1,7.1
"SI",-13.3,11.8
"FC",2.4,10.8
"FF",-10.2,13.2
"FF",-9.8,14
"FF",-9,15.8
"SI",-18.8,10.4
"FF",-11.2,16.1
"FF",-14,14.5
"FC",4.4,4.9
"FF",-7.4,17.2
"SI",-18.4,10.6
"FC",1.7,6.8
"FC",0.7,8.4
"FF",-7.8,14.9
"SI",-18,8.9
"SI",-17.8,9.4
"CU",5.4,-3.8
"FF",-9.7,13.8
"FF",-10.6,16.4
"SI",-16,11
"FF",-10.7,16
"FF",-8.3,16.9
"FF",-13.3,15.4
"FF",-11.5,16
"CU",9,-6.4
"FF",-11.5,16.6
"FF",-11.2,18.6
"FF",-15.4,14.3
"SI",-16.7,10.7
"CH",-10.2,-1.7
"SI",-17.6,9.4
"SI",-17.4,7.7
"FF",-10.8,15.6
"FC",2.2,8.9
"FC",2.9,5.5
"SI",-16.1,12.6
"CU",5.5,-5.8
"FC",3.5,6.6
"FF",-10.3,16
"SI",-15.4,11.8
"SI",-16.2,11.8
"CH",-14.6,6.6
"FF",-13.2,15.1
"SI",-16.2,12.7
"FC",2.6,9.6
"FF",-12,16.7
"CU",6.1,-1
"FC",-1.7,7.8
"SI",-16.3,13
"FF",-10.7,18.1
"FF",-9.6,14.4
"CU",4.6,-2.9
"SI",-16.4,10.8
"FF",-12.5,16.1
"FF",-8.5,17.3
"CH",-6.8,0
"SI",-16.2,10.9
"FC",4.9,6.6
"FC",2.3,7.7
"FC",2.9,6.7
"FF",-11.6,15.5
"SI",-13.9,13
"FF",-8.6,16.8
"SI",-16.3,10.4
"FC",-2,8.8
"FF",-9.4,18.5
"SI",-19.3,12.4
"FF",-12.4,16.4
"SI",-8.9,18.7
"FC",-3.2,7.8
"FC",-0.4,8.4
"FF",-12.5,18.6
"FC",1.4,12.6
"CH",-10.4,1.2
"CU",6.1,-6
"SI",-16.7,14
"FC",3.5,7.2
"CH",-11.3,-0.7
"FC",0,7.2
"FF",-14.5,14.9
"SI",-14.4,10.4
"FC",5.4,4.4
"FC",2.8,5.5
"FC",3,6.1
"FC",2.5,8.5
"FF",-6.8,17.5
"SI",-16.9,10.1
"FF",-7.7,16.8
"FC",2.2,6.1
"FC",1.7,5.8
"FF",-8.8,17.5
"FC",3.1,7.6
"SI",-12.4,13.8
"FF",-11,15.5
"FF",-13.8,14.8
"FF",-11.6,19
"FF",-10.7,16.2
"FF",-12.2,16.1
"FC",4.6,5.4
"FF",-10.2,15.5
"FF",-10.1,16.8
"FC",0.6,8.4
"FF",-13.2,13.1
"FF",-13.4,15
"FF",-11.4,14.9
"FF",-12.7,16
"FC",2.6,7.2
"FF",-12.4,17.2
"SI",-14.8,10.1
"FC",-1.3,5.8
"FF",-13.8,14.8
"FF",-10,18.6
"FF",-11.9,16.4
"FF",-9.8,12.2
"FF",-7.3,14.9
"SI",-14.6,12.2
"SI",-15.8,10.3
"SI",-16.1,9.7
"FC",4.2,4.7
"FC",4.8,6
"FC",4,2.2
"SI",-13.7,12.5
"FF",-7.8,15.6
"FF",-5.9,15.8
"FF",-8.8,14.8
"FC",3.7,7.3
"CU",6.7,-5.9
"FF",-10.1,13.6
"FF",-11.8,14.5
"CU",6.5,-2.6
"FF",-11.9,14.3
"CH",-6.4,1.8
"CU",4.3,-4.6
"FF",-9.2,13.3
"CU",6.4,-3
"SI",-16.2,9.4
"FF",-7.7,14.9
"FF",-5.2,16.6
"FC",3.5,8.6
"FF",-8.5,16.3
"FF",-5.9,16.3
"FC",3.6,6.1
"FF",-6.1,16
"FC",4,7.1
"FF",-5.9,15.6
"FC",4.2,4.4
"SI",-15.8,8.9
"FC",0.5,8.6
"FF",-11.3,16.7
"FC",3.5,8.9
"FF",-9.7,15.8
"CU",6.4,-4.6
"FF",-10.3,14.2
"FF",-9.6,14.2
"CH",-8,4.4
"FF",-9.8,13.2
"FF",-8,14.6
"SI",-14.5,10.8
"FF",-5.4,15.6
"SI",-17.6,10.2
"FF",-9,15.2
"FC",-0.6,6
"FF",-7.3,16.3
"FF",-9.5,13.9
"FF",-10.8,14.4
"FF",-8.4,14.6
"FF",-5.5,15.5
"FF",-6.1,16.2
"FF",-5.6,13.7
"FF",-3.6,16.3
"FC",3.8,5.6
"SI",-13.8,11.5
"SI",-13.9,12.2
"SI",-14.5,11.3
"CU",6.7,-7.4
"FF",-9.4,14.9
"FC",4.7,5.9
"FF",-7.7,16.8
"FF",-8.6,15.1
"FC",4.9,6
"FC",2.3,6.1
"CU",8.2,-2
"FF",-6.4,14.3
"SI",-16,9.1
"SI",-11.8,7.1
"FC",5.9,5.4
"SI",-16.3,8.3
"CH",-9.6,3.8
"FF",-6.6,15.6
"FC",3.4,6.2
"CU",10,-7.3
"FF",-9,14.2
"FC",1.9,7.9
"CU",7.4,-4.7
"CU",9,-3.4
"FF",-7.9,16.3
"FF",-10,15
"SI",-14,10.4
"FF",-8.3,13.8
"FC",4.4,9.5
"FF",-10.8,12.8
"FF",-7.3,16.6
"FF",-9.8,15.7
"FF",-5.5,17.9
"FC",2.5,6.7
"CU",6.4,-8.8
"CU",6.1,-4.8
"CU",7.7,-6.4
"CU",4.4,-4.7
"FC",-0.4,7.2
"FF",-11.8,15.4
"CH",-13.8,1.2
"FF",-8.4,15.8
"CH",-10.8,4.4
"FC",2.2,7.6
"SI",-16.4,9.4
"FC",1,9.5
"FF",-10.7,16
"CU",4.8,-6
"SI",-18.4,9.7
"SI",-16.4,7.7
"SI",-18.2,9.2
"CU",5.9,-4
"FF",-12,14.9
"FC",2,7
"CH",-11.9,4
"SI",-16.6,7.1
"CU",8.4,-6.6
"SI",-16.8,7.8
"FC",2.8,6.8
"FF",-9.5,17
"FC",1.9,7.9
"FF",-9.1,16.2
"FF",-7.3,16
"FC",1.9,7.7
"CU",6,-3.2
"FF",-10.9,15.1
"SI",-14.3,12.5
"FC",1.8,7.1
"FF",-7.2,14
"FF",-10.4,15.7
"CH",-12.2,1.8
"FC",4.4,7.7
"FC",2.5,7.6
"CU",6.4,-4.1
"FF",-10.7,16.9
"FC",3.4,6.8
"SI",-17.6,9.6
"FC",1.1,7
"FF",-12.1,16.8
"FF",-8.9,17.4
"CU",6,-1.7
"FC",2.5,7.3
"FF",-12.2,13.3
"FC",2.2,7.4
"FF",-12.6,15.5
"CU",4.8,-2.6
"CU",5.8,-4.2
"FF",-11.2,16.7
"SI",-15.1,12.1
"FF",-9.4,15
"CU",6.5,-3.7
"SI",-16.7,10
"CU",8.4,-4.4
"FF",-8.8,14.4
"SI",-17.4,8.2
"CU",9.1,-7.4
"FF",-10.6,15.6
"CH",-11.6,-3
"FF",-12.6,15.7
"SI",-19.1,8.9
"FC",1.9,8
"SI",-16.7,12
"FF",-9,13.4
"FF",-9.5,14
"FF",-10.4,13.6
"FF",-7.3,13.9
"FF",-10.2,14.8
"SI",-17.8,8
"FF",-11,16.4
"FF",-9.7,15.5
"FF",-8.6,16.1
"FC",1.4,10.3
"FF",-8.3,16.9
"FF",-11.5,15.2
"FF",-12.8,18.1
"CU",6.6,-2.5
"CU",7.1,-1.7
"SI",-18,6.4
"FF",-10,13.4
"SI",-15.2,10.6
"CU",8.2,-4.7
"FF",-7.7,14.8
"CH",-7.8,4.6
"FF",-9.1,16.9
"CU",7.9,-3
"SI",-15.8,11.5
"CU",6.7,-4.3
"SI",-17.3,11
"CU",5.2,-1.7
"SI",-15.6,12.6
"FF",-9.2,16.2
"FC",-0.4,7.9
"FF",-13.6,13.8
"FF",-11.9,16
"FF",-9,14.8
"FF",-9.8,16.3
"CU",5.2,-6.6
"SI",-17.6,10.2
"FF",-9.2,14
"CH",-12.6,4.8
"SI",-17.4,10.4
"FF",-10.8,12
"CU",8,-4.6
"FC",3,3.4
"CU",9.5,-6.6
"FF",-9.4,13.8
"CU",8,-2.5
"SI",-18,11.3
"SI",-18.1,14.2
"SI",-18.1,13.3
"CU",8.2,-5.2
"SI",-17.9,8.2
"SI",-16.6,9.6
"FC",4.4,8.2
"FF",-10.3,15.4
"SI",-17.5,11.9
"FF",-11.9,14.3
"SI",-19.1,10.2
"CU",5.8,-4.3
"FF",-13.2,17.5
"FC",-3.4,7.6
"CU",5.9,-0.1
"FF",-9.4,16.2
"FC",3.2,8.9
"FF",-10.6,16.8
"FF",-7.8,17.2
"FF",-6.4,15
"SI",-14.8,10.3
"CU",9.6,-5.9
"SI",-17.3,11
"FC",3.4,6.1
"FF",-3.6,16.9
"FF",-9.5,13.3
"FF",-9.5,15
"CU",7.3,-4
"SI",-15.2,10.3
"FC",1.1,8.2
"FC",5.2,10
"FF",-5.6,15
"CU",10.1,-7.7
"FF",-7.2,16.1
"FF",-9.1,16.9
"FC",1,8.2
"FF",-10.7,14.6
"FF",-12,15.1
"FF",-7.8,13.7
"FC",3,9
"SI",-16.3,13.9
"SI",-16.2,12.4
"FF",-8.2,19.2
"FF",-8.2,17.5
"FF",-8.5,16.7
"FC",5,7.4
"FC",3.2,9.6
"FF",-4.3,17
"FF",-7.8,14.5
"FF",-5.3,16.9
"FF",-8.5,17.9
"FF",-5.5,19
"SI",-18.6,11.2
"FF",-8.5,18.1
"FF",-11.6,16.6
"FF",-8.9,19.3
"FF",-10.8,16.2
"FF",-11.2,15.1
"FC",4.2,8.3
"SI",-14.6,8.4
"SI",-13.6,10.9
"FC",-0.1,8.2
"FF",-6.2,16.8
"SI",-15.5,11.6
"CU",5.5,-4.7
"FF",-9.6,16.7
"FF",-7.3,15.2
"FC",2.6,8.5
"FC",1.1,6.8
"FC",0.4,9.1
"FF",-6.4,16.1
"FC",1.6,8.5
"FF",-4.2,16.9
"FF",-4.7,15.2
"FC",-4.6,5.6
"SI",-14.4,9
"CU",6.7,-2.8
"SI",-14.2,10.8
"FC",2.8,9.1
"SI",-14.8,9.6
"FC",1.7,8
"FF",-7.3,16.3
"FC",0.7,9.4
"SI",-15,9.7
"FC",-0.4,7.9
"SI",-15.2,10.1
"SI",-17.8,8
"SI",-15.1,9.4
"FC",3.1,9.4
"FC",-5.2,7.4
"FF",-9.6,15.5
"SI",-17.8,10.7
"CU",6.2,-5.4
"CU",4.8,-4.9
"FF",-6,15.8
"FF",-7.4,14.9
"FC",-0.7,8
"SI",-16,10.3
"CU",5.2,-2.9
"FC",0.2,8.2
"FF",-10.8,13
"CU",6.1,1.2
"FC",1,8
"SI",-17.3,10.6
"CU",4.3,-4.9
"FF",-9.2,14.3
"CU",6,-4.1
"CU",6.7,-6.2
"SI",-16.7,6.5
"FC",-2.6,6.6
"SI",-14.8,10.9
"FC",2.4,7.9
"FC",0.7,5.8
"FF",-7.2,16
"FF",-7.7,15.6
"FC",2.3,6.2
"SI",-17.3,9.2
"FC",-0.2,7.9
"FF",-9.5,15.6
"FC",-1.9,6.1
"FF",-8.2,14.9
"FC",-4.6,7.9
"FC",0.5,8.4
"FF",-10.3,13.2
"FF",-9.5,12.6
"FC",3,5.9
"FF",-6.7,17
"FF",-10.3,17.2
"SI",-16.2,8.2
"CU",7.8,-5.5
"FF",-8,15.7
"FC",5.2,5.9
"SI",-12.5,11.4
"FF",-6.1,16
"FC",6.2,4.2
"SI",-14.8,11.5
"SI",-14.6,12
"FC",3.5,5.5
"FC",1.8,8.5
"SI",-16.1,12.4
"FC",2.8,8.8
"SI",-17.3,9.7
"SI",-16,9.1
"FC",1.7,8.2
"FF",-9.7,17.2
"FC",1.2,6.4
"SI",-15.5,8.9
"CU",6.1,-4.2
"FF",-9.8,15.2
"CU",4.9,-2.4
"SI",-14.2,11.9
"FF",-8.9,15.5
"CU",8.8,-2.8
"FF",-10.4,16.2
"FF",-12,15.1
"FF",-8.3,14.8
"FF",-10.7,16.3
"SI",-18.7,11
"FF",-9,16
"FF",-11.2,16.1
"FF",-11.9,15.7
"CU",6.5,-6.1
"FF",-11.4,13.9
"CH",-14.5,2.3
"FF",-11.6,14.9
"SI",-17.9,8.4
"FC",0.5,8.8
"FF",-10.3,15.7
"CU",7.9,-2.8
"FC",1.2,9.1
"FF",-12.2,15.6
"CU",7.4,-5.2
"SI",-17.8,10.4
"FC",0.2,11.4
"FF",-12.7,14.2
"FF",-14.5,15.1
"SI",-19.1,8.9
"CU",4.9,-2.9
"FC",1.7,9.1
"FC",3.1,8.4
"FF",-7.6,15.6
"FF",-10,14
"CU",8.3,-4.3
"FF",-8.8,17.9
"SI",-18.5,9.4
"SI",-17,11.2
"FC",1.3,9.7
"FC",-1.1,10.7
"FC",0.7,10.2
"FF",-10.9,14.6
"SI",-17.9,11.5
"SI",-18.2,10.9
"FC",4.9,7.2
"FC",3.2,7.1
"FC",2.5,7.6
"SI",-16.1,12.5
"FF",-12.7,16.2
"FF",-10,15.8
"CU",5.9,-4.1
"CU",3.7,-4.4
"SI",-17.2,12.5
"SI",-16.6,11.4
"CU",6.4,-1.7
"FC",2.6,8.3
"FF",-10.8,14
"CH",-12.1,4.2
"SI",-19.6,7.4
"FF",-10.1,16.1
"FF",-10.4,14.8
"FC",-0.5,7
"SI",-19.4,8.2
"FC",2.8,7.2
"FF",-9.4,16.1
"CU",4.9,-3.6
"CU",6.7,-4.8
"FF",-11.6,13
"FF",-9.1,15.6
"SI",-19,10.3
"SI",-18.8,9.7
"CU",7,-3.7
"FC",1.3,8.2
"FF",-10.9,16.3
"FC",1.6,9.1
"CU",8.2,-2.2
"SI",-18,10.6
"SI",-18,9.8
"CH",-15.5,5.5
"FF",-9.4,17
"FF",-9.6,17.2
"CU",5.3,-4.2
"FF",-9.5,17
"FC",-0.2,9.5
"FF",-10.6,17
"FF",-11.4,18.5
"FF",-13.4,18
"FF",-13.3,17.9
"FF",-13.6,16
"SI",-17.2,10.1
"FC",1.6,13.7
"SI",-18.1,8.5
"SI",-18.4,9
"SI",-18,9.1
"FF",-11.9,15.2
"FF",-12.7,14.9
"SI",-18.5,9.8
"FF",-13,14.6
"FC",-0.1,9.2
"SI",-17.6,9.8
"SI",-19,8.5
"FF",-10.6,14.5
"FF",-12,15.8
"SI",-17.6,11.2
"FF",-9.1,15
"FC",1.2,9.4
"FF",-5.9,18.4
"FC",3.4,9.7
"FC",0.4,9
"SI",-13.1,12.6
"FC",2.9,9.4
"FC",-1.9,10.9
"SI",-14.2,12.4
"SI",-16.2,11.9
"SI",-16.4,10.7
"SI",-16.6,10.2
"SI",-15.8,10.6
"SI",-17.5,9.2
"SI",-16.2,10.2
"FF",-10.3,15.6
"SI",-17.8,9.5
"FF",-12.5,14.9
"FF",-10.8,15.2
"FF",-8.5,16.4
"FC",2.5,9.4
"FF",-9.1,16.3
"FC",0,9.2
"SI",-19.7,10.4
"SI",-15.8,11.8
"FF",-9.5,13
"SI",-16.3,10.9
"SI",-17.3,14.9
"FF",-6,17.6
"FF",-7.1,16.6
"FF",-7.4,19.2
"FC",1,10.8
"SI",-16.3,9.6
"FC",-2.8,6
"FC",-4.8,7.8
"CU",5.8,-3.5
"CU",2.6,-2.4
"FC",1.8,10.6
"SI",-16.9,9.6
"FC",-4.1,12
"FF",-8.8,16.1
"FF",-12,16.3
"FF",-10.2,16.1
"FF",-9.7,15.5
"SI",-18,12.1
"FF",-8.2,15.8
"FF",-9.5,15.7
"CU",4.9,-2.3
"CU",3.7,-6.2
"FC",-2.2,7.9
"FF",-11,16.2
"FF",-10.8,15.8
"SI",-17.4,11.9
"FC",-1.4,10.9
"SI",-17,10.6
"CH",-12.2,2.4
"SI",-18.1,11.4
"SI",-18,12
"FF",-10.2,18.1
"SI",-12.5,15.1
"SI",-16.9,12
"SI",-16.8,10.4
"SI",-18.2,9.4
"SI",-16.3,12.4
"FC",-2.3,13.3
"SI",-19.3,9.7
"FF",-10.2,17.4
"FF",-9.8,17.9
"SI",-17.2,11.8
"FC",-0.5,8.8
"SI",-16,10.2
"FC",0.4,8.6
"FC",1,8.3
"CU",6.6,-1.1
"FF",-9.1,15.2
"FC",-3.7,8.6
"FF",-11,13.7
"FC",1.4,11.4
"SI",-15.5,11.8
"FF",-7.2,17.5
"CU",6.1,-4.6
"FF",-7.8,18
"FF",-5.9,16.8
"SI",-15,11.4
"SI",-16.7,10.1
"FC",-1,9.4
"FF",-14.3,15.4
"FF",-9.8,16.8
"FC",-1.3,8.6
"FF",-11.6,14.6
"FC",-4.7,7.7
"FF",-12.1,15.2
"SI",-18.2,10.1
"FF",-11.4,15.2
"SI",-18.7,8.8
"FF",-12,14.5
"FF",-7.2,17.4
"SI",-11.5,9.7
"SI",-15.2,8
"SI",-18.6,10.3
"FF",-7.8,18.1
"SI",-15.5,11
"SI",-16.2,12.1
"FF",-8.8,15.7
"FC",2.5,9.7
"CU",4.7,-3.1
"SI",-16,10.7
"FF",-9.7,15.8
"FF",-10.3,14.8
"CU",8.9,-2.4
"SI",-18,9.7
"SI",-18.7,10.2
"SI",-17.2,10.2
"SI",-16.4,10.2
"SI",-19.9,12.6
"FF",-10.7,15.8
"FF",-7.3,16
"FF",-8.9,17.3
"FF",-6.2,14.5
"SI",-17.8,12.1
"FF",-13.3,15
"SI",-18.1,12.1
"SI",-19.1,9.7
"FF",-8.9,16.4
"FF",-10.3,16.3
"FC",1.6,10.3
"SI",-17.4,14.2
"FF",-10.9,14
"SI",-17.4,10.7
"FF",-9.5,16.9
"CU",3.4,0.7
"CU",8.2,-2.2
"SI",-16.7,11.5
"SI",-19.7,9.8
"FC",3.6,9.8
"CU",8.3,-1.9
"CH",-7.9,0.1
"FF",-5.8,16.3
"SI",-17.6,8.5
"SI",-15.2,10.3
"SI",-16,12.5
"SI",-14.9,11.4
"FC",1.1,12.5
"CU",4.2,-1.2
"SI",-18.4,11
"FF",-12.4,16
"FF",-6,20.6
"FF",-5.9,17.8
"SI",-17.2,10.2
"CU",4.9,-1.3
"CU",5.9,-6
"FF",-9.5,18.4
"FF",-6.7,17.3
"FF",-8.6,17.4
"FF",-12,15.6
"SI",-17.3,10.1
"FF",-6.2,17.6
"SI",-17,11.9
"FF",-8.6,15.7
"FF",-11.6,16.1
"SI",-17.6,9
"SI",-16,10.3
"FF",-8.5,16.2
"FF",-7,15.4
"CU",9.8,-2.4
"FF",-10.8,14.2
"FF",-10.1,16
"FF",-11.2,16.6
"FF",-14.5,16.4
"FF",-11.6,16.8
"FF",-12,15.7
"SI",-18.8,10.1
"SI",-17.6,10.8
"FC",3.5,11.4
"FC",2.9,9
"SI",-14.6,12.5
"CU",9.1,-5
"FF",-11.2,15
"SI",-17.4,10.6
"CU",7.9,-3
"CU",6.5,-2.2
"FF",-11,14
"FF",-8.8,15.5
"FF",-9.4,16
"FF",-8.5,14.4
"FF",-9.4,14.3
"FF",-10.4,13
"FF",-9.4,17.9
